{
    "air_quality": {
        "air_quality": {
            "NO2_column_number_density": 0.0001508656407695222,
            "O3_column_number_density": 0.12677404381645405,
            "SO2_column_number_density": 4.043943617535412e-05,
            "CO_column_number_density": 0.04222102570043519
        }
    },
    "weather_quality": {
        "Tair_f_inst": 310.30780029296875
    },
    "water_quality": {
        "nd": null
    },
    "elevation": {
        "elevation": 228.46410293475813
    },
    "Surface_Temp": {
        "LST_Day_1km": 15502.338214529676
    },
    "Precipitation": {
        "precipitation": 0.04808609560132027
    },
    "Climate Data": {
        "dewpoint_2m_temperature": 297.29864501953125,
        "maximum_2m_air_temperature": 314.09136962890625,
        "mean_2m_air_temperature": 305.282470703125,
        "mean_sea_level_pressure": 100036.46875,
        "minimum_2m_air_temperature": 296.0329895019531,
        "surface_pressure": 97575.640625,
        "total_precipitation": 0.024894122034311295,
        "u_component_of_wind_10m": -0.6978967189788818,
        "v_component_of_wind_10m": 0.147331103682518
    },
    "AvgSurfT_inst": {
        "AvgSurfT_inst": 313.5909729003906
    },
    "CanopInt_inst": {
        "CanopInt_inst": 0.019198276102542877
    },
    "ECanop_tavg": {
        "ECanop_tavg": 1.3178879022598267
    },
    "ESoil_tavg": {
        "ESoil_tavg": 0
    },
    "Evap_tavg": {
        "Evap_tavg": 5.29587794062536e-07
    },
    "LWdown_f_tavg": {
        "LWdown_f_tavg": 437.6112365722656
    },
    "PotEvap_tavg": {
        "PotEvap_tavg": 473.7442626953125
    },
    "Psurf_f_inst": {
        "Psurf_f_inst": 97421.5859375
    },
    "Qair_f_inst": {
        "Qair_f_inst": 0.011902553029358387
    },
    "Qg_tavg": {
        "Qg_tavg": 10.88494873046875
    },
    "SoilMoi0_10cm_inst": {
        "SoilMoi0_10cm_inst": 31.310697555541992
    },
    "SoilMoi100_200cm_inst": {
        "SoilMoi100_200cm_inst": 345.97943115234375
    },
    "SoilTMP0_10cm_inst": {
        "SoilTMP0_10cm_inst": 313.38922119140625
    },
    "SoilTMP100_200cm_inst": {
        "SoilTMP100_200cm_inst": 309.55535888671875
    },
    "Wind_f_inst": {
        "Wind_f_inst": 2.600299596786499
    }
}