{
    "air_quality": {
        "air_quality": {
            "NO2_column_number_density": 5.249535941113327e-05,
            "O3_column_number_density": 0.12522732622115912,
            "SO2_column_number_density": 0.00014900659350071204,
            "CO_column_number_density": 0.015277780842246652
        }
    },
    "weather_quality": {
        "Tair_f_inst": 270.8774719238281
    },
    "water_quality": {
        "nd": null
    },
    "elevation": {
        "elevation": 8087.277110818641
    },
    "Surface_Temp": {
        "LST_Day_1km": 13479.69248531006
    },
    "Precipitation": {
        "precipitation": 0.2514786124229431
    },
    "Climate Data": {
        "dewpoint_2m_temperature": 271.77349853515625,
        "maximum_2m_air_temperature": 279.6085510253906,
        "mean_2m_air_temperature": 274.0115966796875,
        "mean_sea_level_pressure": 101803.046875,
        "minimum_2m_air_temperature": 264.3633117675781,
        "surface_pressure": 52290.6328125,
        "total_precipitation": 0.1638288050889969,
        "u_component_of_wind_10m": 0.44086557626724243,
        "v_component_of_wind_10m": 0.704305112361908
    },
    "AvgSurfT_inst": {
        "AvgSurfT_inst": 268.0568542480469
    },
    "CanopInt_inst": {
        "CanopInt_inst": 0.17699137330055237
    },
    "ECanop_tavg": {
        "ECanop_tavg": 0.041508618742227554
    },
    "ESoil_tavg": {
        "ESoil_tavg": 0.42866379022598267
    },
    "Evap_tavg": {
        "Evap_tavg": 9.618381227483042e-06
    },
    "LWdown_f_tavg": {
        "LWdown_f_tavg": 268.7809753417969
    },
    "PotEvap_tavg": {
        "PotEvap_tavg": 27.1705265045166
    },
    "Psurf_f_inst": {
        "Psurf_f_inst": 52444.6640625
    },
    "Qair_f_inst": {
        "Qair_f_inst": 0.005904664751142263
    },
    "Qg_tavg": {
        "Qg_tavg": 0.01413027010858059
    },
    "SoilMoi0_10cm_inst": {
        "SoilMoi0_10cm_inst": 43.35505676269531
    },
    "SoilMoi100_200cm_inst": {
        "SoilMoi100_200cm_inst": 438.9998779296875
    },
    "SoilTMP0_10cm_inst": {
        "SoilTMP0_10cm_inst": 266.1353454589844
    },
    "SoilTMP100_200cm_inst": {
        "SoilTMP100_200cm_inst": 266.1221618652344
    },
    "Wind_f_inst": {
        "Wind_f_inst": 1.565816879272461
    }
}